"det_id15","strasse","richtung","position","spur","lon_wgs84","lat_wgs84"
"100101010040785","A114","Süd","hinter Einfahrt AS Pasewalker Straße","HF_R","13.429938","52.581949"
"100101010040886","A114","Süd","hinter Einfahrt AS Pasewalker Straße","HF_2vR","13.429938","52.581949"
"100101010040987","A114","Süd","hinter Einfahrt AS Pasewalker Straße","HF_3vR","13.429938","52.581949"
"100101010000167","A115","Südwest","AS Spanische Allee – Brücke","HF_R","13.192578","52.433868"
"100101010000268","A115","Südwest","AS Spanische Allee – Brücke","HF_2vR","13.192578","52.433868"
"100101010000369","A115","Nordost","AS Spanische Allee – Brücke","HF_R","13.192747","52.433813"
"100101010000470","A115","Nordost","AS Spanische Allee – Brücke","HF_2vR","13.192747","52.433813"
"100101010004918","Adlergestell","Nordwest","vor Glienicker Weg, in Höhe Haus Nr. 333, EM neben 6. LM nach Brücke","HF_R","13.552849","52.427717"
"100101010005019","Adlergestell","Nordwest","vor Glienicker Weg, in Höhe Haus Nr. 333, EM neben 6. LM nach Brücke","HF_2vR","13.552849","52.427717"
"100101010005120","Adlergestell","Nordwest","vor Glienicker Weg, in Höhe Haus Nr. 333, EM neben 6. LM nach Brücke","HF_3vR","13.552849","52.427717"
"100101010045132","Adlergestell","Nord","zwischen S-Bahn-Brücke und Betriebsbhf. Schöneweide","HF_R","13.522509","52.448224"
"100101010045233","Adlergestell","Nord","zwischen S-Bahn-Brücke und Betriebsbhf. Schöneweide","HF_2vR","13.522509","52.448224"
"100101010086356","Adlergestell","Süd","zwischen Otto-Franke-Straße und Köpenicker Straße, 50m hinter Einfahrt Baumarkt","HF_R","13.545606","52.432193"
"100101010086457","Adlergestell","Süd","zwischen Otto-Franke-Straße und Köpenicker Straße, 50m hinter Einfahrt Baumarkt","HF_2vR","13.545606","52.432193"
"100101010086558","Adlergestell","Süd","zwischen Otto-Franke-Straße und Köpenicker Straße, 50m hinter Einfahrt Baumarkt","HF_3vR","13.545606","52.432193"
"100101010080801","Alt-Moabit","Ost","zwischen Spenerstraße und Paulstraße","HF_2vR","13.355402","52.523696"
"100101010081104","Alt-Moabit","West","zwischen Paulstraße und Spenerstraße","HF_R","13.354075","52.524184"
"100101010081205","Alt-Moabit","West","zwischen Paulstraße und Spenerstraße","HF_2vR","13.354075","52.524184"
"100101010081306","Alt-Moabit","Ost","zwischen Spenerstraße und Paulstraße","HF","13.355402","52.523696"
"100101010059478","Altonaer Straße","Südost","zwischen Klopstockstraße und Großer Stern, LM 14, ca. 180 m vor Großer Stern","Park","13.346564","52.515935"
"100101010059579","Altonaer Straße","Südost","zwischen Klopstockstraße und Großer Stern, LM 14, ca. 180 m vor Großer Stern","HF_2vR","13.346564","52.515935"
"100101010059680","Altonaer Straße","Südost","zwischen Klopstockstraße und Großer Stern, LM 14, ca. 180 m vor Großer Stern","HF_3vR","13.346564","52.515935"
"100101010016234","Am Juliusturm","West","in Höhe Haus Nr. 13-29 (Autohaus) (gegenüber)","HF_R","13.225513","52.537610"
"100101010016335","Am Juliusturm","West","in Höhe Haus Nr. 13-29 (Autohaus) (gegenüber)","HF_R","13.225531","52.537571"
"100101010016436","Am Juliusturm","West","in Höhe Haus Nr. 13-29 (Autohaus) (gegenüber)","HF_2vR","13.225531","52.537571"
"100101010016537","Am Juliusturm","Ost","in Höhe Haus Nr. 13-29 (Autohaus)","HF_R","13.225404","52.537432"
"100101010016638","Am Juliusturm","Ost","in Höhe Haus Nr. 13-29 (Autohaus)","HF_2vR","13.225404","52.537432"
"100101010090501","Am Nordbahnhof","Südost","Am Nordbahnhof","HF_R","13.384701","52.531695"
"100101010012796","Am Treptower Park","Südost","zwischen Karpfenteichstraße und Klingerstraße, in Höhe Haus Nr. 52","HF_2vR","13.469079","52.483990"
"100101010012800","Am Treptower Park","Südost","zwischen Karpfenteichstraße und Klingerstraße, in Höhe Haus Nr. 52","HF_3vR","13.469079","52.483990"
"100101010012901","Am Treptower Park","Südost","zwischen Karpfenteichstraße und Klingerstraße, in Höhe Haus Nr. 52","HF_R","13.469032","52.483962"
"100101010028661","Antonienstraße","Süd","zwischen Wackerweg und Auguste-Viktoria-Allee in Höhe Haus Nr. 25","HF_R","13.312467","52.573074"
"100101010028762","Antonienstraße","Süd","zwischen Wackerweg und Auguste-Viktoria-Allee in Höhe Haus Nr. 25","HF_2vR","13.312467","52.573074"
"100101010033311","Bahnhofstraße","Südwest","zwischen Kinzerallee und Annenallee, Höhe Nr. 56, ca. 20 m vor Annenallee","HF_R","13.575724","52.454123"
"100101010033412","Bahnhofstraße","Südwest","zwischen Kinzerallee und Annenallee, Höhe Nr. 56, ca. 20 m vor Annenallee","HF_2vR","13.575724","52.454123"
"100101010033513","Bahnhofstraße","Nord","zwischen Annenallee und Kinzerallee, Höhe Nr. 4, ca. 20 m vor Kinzerallee","HF_R","13.575866","52.454167"
"100101010033614","Bahnhofstraße","Nord","zwischen Annenallee und Kinzerallee, Höhe Nr. 4, ca. 20 m vor Kinzerallee","HF_2vR","13.575866","52.454167"
"100101010054731","Baumschulenstraße","Südwest","zwischen Sonnenallee und Königsheideweg,  LM 298 – 1. LM nach Kanalbrücke","HF_R","13.478634","52.458654"
"100101010054832","Baumschulenstraße","Nordost","zwischen Königsheideweg und Sonnenallee, LM 298 – 1. LM nach Kanalbrücke","HF_R","13.478579","52.458542"
"100101010001076","Berliner Straße","West","zwischen Seehofstraße und Gartenstraße, in Höhe Haus Nr. 10 (gegenüber)","HF_R","13.263106","52.435112"
"100101010001177","Berliner Straße","West","zwischen Seehofstraße und Gartenstraße, in Höhe Haus Nr. 10 (gegenüber)","HF_2vR","13.263106","52.435112"
"100101010009261","Berliner Straße","Süd","zwischen Esplanade und Bornholmer Straße, in Höhe Haus Nr. 74","HF_R","13.414413","52.555087"
"100101010009362","Berliner Straße","Süd","zwischen Esplanade und Bornholmer Straße, in Höhe Haus Nr. 74","HF_2vR","13.414413","52.555087"
"100101010039371","Beusselstraße","Süd","zwischen Ludwig-Hoffmann-Brücke und Beusselbrücke, in Höhe Nr. 44n-o, zwischen LM 56 und 60","HF_R","13.327092","52.536073"
"100101010039472","Beusselstraße","Süd","zwischen Ludwig-Hoffmann-Brücke und Beusselbrücke, in Höhe Nr. 44n-o, zwischen LM 56 und 60","HF_2vR","13.327092","52.536073"
"100101010039573","Beusselstraße","Süd","zwischen Ludwig-Hoffmann-Brücke und Beusselbrücke, in Höhe Nr. 44n-o, zwischen LM 56 und 60","HF_3vR","13.327092","52.536073"
"100101010039674","Beusselstraße","Nord","zwischen Beusselbrück und Ludwig-Hoffmann-Brücke, in Höhe Nr. 44n-o, zwischen LM 56 und 60","HF_R","13.327478","52.536088"
"100101010039775","Beusselstraße","Nord","zwischen Beusselbrück und Ludwig-Hoffmann-Brücke, in Höhe Nr. 44n-o, zwischen LM 56 und 60","HF_2vR","13.327478","52.536088"
"100101010039876","Beusselstraße","Nord","zwischen Beusselbrück und Ludwig-Hoffmann-Brücke, in Höhe Nr. 44n-o, zwischen LM 56 und 60","HF_3vR","13.327478","52.536088"
"100101010019466","Blankenburger Straße","Süd","zwischen Grabenwinkel und Straße 30, in Höhe Haus Nr. 100","HF_R","13.443023","52.571017"
"100101010019567","Blankenburger Straße","Nord","zwischen Straße 30 und Grabenwinkel, in Höhe Haus Nr. 100","HF_R","13.443013","52.570932"
"100101010074636","Blücherstraße","Ost","zwischen Mehringdamm und Zossener Straße","HF_R","13.391987","52.495836"
"100101010074737","Blücherstraße","Ost","zwischen Mehringdamm und Zossener Straße","HF_2vR","13.391987","52.495836"
"100101010074838","Blücherstraße","West","zwischen Zossener Straße und Mehringdamm","HF","13.392562","52.496289"
"100101010074939","Blücherstraße","West","zwischen Zossener Straße und Mehringdamm","HF_2vR","13.392562","52.496289"
"100101010035634","Blumberger Damm","Süd","zwischen Kienbergstraße und Geissenweide, in Höhe Haus Nr. 63","HF_R","13.567597","52.536625"
"100101010035735","Blumberger Damm","Süd","zwischen Kienbergstraße und Geissenweide, in Höhe Haus Nr. 63","HF_2vR","13.567597","52.536625"
"100101010096460","Boelckestraße","Süd","zwischen Hessenring und Hoeppnerstraße","HF_R","13.377712","52.473886"
"100101010096561","Boelckestraße","Süd","zwischen Hessenring und Hoeppnerstraße","HF_2vR","13.377712","52.473886"
"100101010096662","Boelckestraße","Nord","zwischen Hoeppnerstraße und Eschwegring","HF_R","13.378026","52.473530"
"100101010096763","Boelckestraße","Nord","zwischen Hoeppnerstraße und Eschwegring","HF_2vR","13.378026","52.473530"
"100101010013305","Bornholmer Straße","Ost","zwischen Seelower Straße und Schönhauser Allee, in Höhe Haus Nr. 90","HF_R","13.412194","52.553762"
"100101010013406","Bornholmer Straße","Ost","zwischen Seelower Straße und Schönhauser Allee, in Höhe Haus Nr. 90","HF_2vR","13.412194","52.553762"
"100101010019163","Britzer Damm","Nord","zwischen Koppeweg und Fulhamer Allee,in Höhe Haus Nr. 170 (gegenüber)","HF_R","13.435714","52.448138"
"100101010019264","Britzer Damm","Nord","zwischen Koppeweg und Fulhamer Allee,in Höhe Haus Nr. 170 (gegenüber)","HF_2vR","13.435714","52.448138"
"100101010019365","Britzer Damm","Nord","zwischen Koppeweg und Fulhamer Allee,in Höhe Haus Nr. 170 (gegenüber)","HF_3vR","13.435668","52.448145"
"100101010057862","Brunnenstraße","Süd","zwischen Usedomer Straße und Stralsunder Straße","HF_R","13.394472","52.540124"
"100101010057963","Brunnenstraße","Süd","zwischen Usedomer Straße und Stralsunder Straße","HF_2vR","13.394472","52.540124"
"100101010041795","Brunsbüttler Damm","Ost","zwischen Grünhofer Straße und Elsflether Straße, in Höhe Haus Nr. 35-49","HF_R","13.190848","52.534332"
"100101010041896","Brunsbüttler Damm","West","zwischen Elsflether Straße und Grünhofer Straße, in Höhe Haus Nr. 35-49","HF_R","13.191026","52.534362"
"100101010018355","Buckower Chaussee","Ost","zwischen Glaserweg und Lintruper Straße, in Höhe Haus Nr. 155","HF_R","13.398483","52.413875"
"100101010018456","Buckower Chaussee","Ost","zwischen Glaserweg und Lintruper Straße, in Höhe Haus Nr. 155","HF_2vR","13.398483","52.413875"
"100101010041900","Bundesallee","Nord","zwischen Berliner Straße und Güntzelstraße, in Höhe Haus Nr. 184","HF_R","13.331041","52.488440"
"100101010042001","Bundesallee","Nord","zwischen Berliner Straße und Güntzelstraße, in Höhe Haus Nr. 184","HF_2vR","13.331041","52.488440"
"100101010042102","Bundesallee","Süd","zwischen Güntzelstraße und Berliner Straße, in Höhe Haus Nr. 184","HF_R","13.330910","52.488528"
"100101010042203","Bundesallee","Süd","zwischen Güntzelstraße und Berliner Straße, in Höhe Haus Nr. 184","HF_2vR","13.330910","52.488528"
"100101010073525","Bundesallee","Süd","zwischen Lietzenburger Straße und Spichernstraße","HF_R","13.330464","52.498578"
"100101010073626","Bundesallee","Süd","zwischen Lietzenburger Straße und Spichernstraße","HF_2vR","13.330464","52.498578"
"100101010003100","Buschkrugallee","Nord","zwischen Zeile 1 und Späthstraße","HF_R","13.452912","52.451022"
"100101010003201","Buschkrugallee","Nord","zwischen Zeile 1 und Späthstraße","HF_2vR","13.452912","52.451022"
"100101010000874","Clayallee","Süd","zwischen Scharfestraße und Propst-Süssmilch-Weg, in Höhe Haus Nr. 343","HF_R","13.261301","52.436642"
"100101010000975","Clayallee","Süd","zwischen Scharfestraße und Propst-Süssmilch-Weg, in Höhe Haus Nr. 343","HF_2vR","13.261301","52.436642"
"100101010086659","Dammweg","Nordost","zwischen Sonnenallee und Kiefholzstraße","HF_R","13.469481","52.472675"
"100101010086760","Dammweg","Südwest","zwischen Kiefholzstraße und Sonnenallee","HF_2vR","13.469481","52.472675"
"100101010026742","Danziger Straße","Ost","zwischen Diesterwegstraße und Ella-Kay-Straße, in Höhe Haus Nr. 87","HF_R","13.426620","52.538258"
"100101010026843","Danziger Straße","Ost","zwischen Diesterwegstraße und Ella-Kay-Straße, in Höhe Haus Nr. 87","HF_2vR","13.426620","52.538258"
"100101010026944","Danziger Straße","Ost","zwischen Diesterwegstraße und Ella-Kay-Straße, in Höhe Haus Nr. 87","HF_3vR","13.426620","52.538258"
"100101010041088","Darßer Straße","West","zwischen Barther Straße und Borner Straße, in Höhe Haus Nr. 34","HF_R","13.497951","52.563838"
"100101010041189","Darßer Straße","Ost","zwischen Borner Straße und Barther Straße, in Höhe Haus Nr. 34","HF_R","13.497721","52.563854"
"100101010020678","Edisonstraße","Süd","zwischen Helmholtzstraße und Siemensstraße, in Höhe Haus Nr. 40-41","HF_R","13.513126","52.466607"
"100101010020779","Edisonstraße","Süd","zwischen Helmholtzstraße und Siemensstraße, in Höhe Haus Nr. 40-41","HF_2vR","13.513126","52.466607"
"100101010028459","Eichborndamm","Nord","zwischen Rotbuchenweg und Pannewitzstraße, in Höhe Haus Nr. 198, Ecke Pannewitzstraße","HF_R","13.322927","52.586297"
"100101010028560","Eichborndamm","Nord","zwischen Rotbuchenweg und Pannewitzstraße, in Höhe Haus Nr. 198, Ecke Pannewitzstraße","HF_2vR","13.322927","52.586297"
"100101010055640","Falkenberger Chaussee","Südwest","Brücke nach Pablo-Picasso-Straße","HF_R","13.512272","52.566055"
"100101010055741","Falkenberger Chaussee","Südwest","Brücke nach Pablo-Picasso-Straße","HF_2vR","13.512272","52.566055"
"100101010012594","Falkenseer Damm","Ost","zwischen Flankenschanze und Falkenseer Platz, in Höhe Freiherr-vom-Stein-Oberschule","HF_R","13.200681","52.541521"
"100101010012695","Falkenseer Damm","Ost","zwischen Flankenschanze und Falkenseer Platz, in Höhe Freiherr-vom-Stein-Oberschule","HF_2vR","13.200681","52.541521"
"100101010061603","Fennstraße","Süd","zwischen Müllerstraße und Am Nordhafen","HF_R","13.365078","52.539577"
"100101010061704","Fennstraße","Süd","zwischen Müllerstraße und Am Nordhafen","HF_2vR","13.365078","52.539577"
"100101010061805","Fennstraße","Nord","zwischen Heidestraße und Tegeler Straße, Ecke Tegeler Straße","HF_R","13.361517","52.537794"
"100101010061906","Fennstraße","Nord","zwischen Heidestraße und Tegeler Straße, Ecke Tegeler Straße","HF_2vR","13.361517","52.537794"
"100101010068471","Frankfurter Allee","Ost","zwischen Jungstraße und Finowstraße","HF_R","13.468816","52.514232"
"100101010068572","Frankfurter Allee","Ost","zwischen Jungstraße und Finowstraße","HF_2vR","13.468816","52.514232"
"100101010068673","Frankfurter Allee","Ost","zwischen Jungstraße und Finowstraße","HF_3vR","13.468816","52.514232"
"100101010068774","Frankfurter Allee","West","zwischen Waldeyerstraße und Voigtstraße","HF_R","13.469840","52.514279"
"100101010068875","Frankfurter Allee","West","zwischen Waldeyerstraße und Voigtstraße","HF_2vR","13.469840","52.514279"
"100101010068976","Frankfurter Allee","West","zwischen Waldeyerstraße und Voigtstraße","HF_3vR","13.469840","52.514279"
"100101010064128","Französische Straße","West","zwischen Hedwigskirchgasse und Markgrafenstraße, in Höhe Haus 29","HF_R","13.393701","52.515029"
"100101010064229","Französische Straße","Ost","zwischen Markgrafenstraße und Hedwigskirchgasse, in Höhe Haus 27b","HF_R","13.393677","52.514997"
"100101010035230","Fürstenbrunner Weg","Nord","500 m vor Eingang Kaiser-Wilhelm-Gedächtnis-Friedhof, in Höhe Haus Nr. 20 (gegenüber)","HF_R","13.279951","52.520623"
"100101010035331","Fürstenbrunner Weg","Süd","500 m hinter  Eingang Kaiser-Wilhelm-Gedächtnis-Friedhof, in Höhe Haus Nr. 20","HF_R","13.279876","52.520720"
"100101010064330","Gertraudenstraße","Nordost","zwischen Getraudenbrücke und Fischerinsel, 200 m vor Ecke Breite Straße","HF_R","13.403711","52.512535"
"100101010064431","Gertraudenstraße","Nordost","zwischen Getraudenbrücke und Fischerinsel, 200 m vor Ecke Breite Straße","HF_2vR","13.403711","52.512535"
"100101010064532","Gertraudenstraße","Nordost","zwischen Getraudenbrücke und Fischerinsel, 200 m vor Ecke Breite Straße","HF_3vR","13.403711","52.512535"
"100101010064633","Gertraudenstraße","Südwest","zwischen Brüderstraße und Kleine Getraudenstraße, 70 m nach Einmündung Brüderstraße","HF_R","13.403793","52.512763"
"100101010064734","Gertraudenstraße","Südwest","zwischen Brüderstraße und Kleine Getraudenstraße, 70 m nach Einmündung Brüderstraße","HF_2vR","13.403793","52.512763"
"100101010064835","Gertraudenstraße","Südwest","zwischen Brüderstraße und Kleine Getraudenstraße, 70 m nach Einmündung Brüderstraße","HF_3vR","13.403793","52.512763"
"100101010075040","Gitschiner Straße","West","zwischen Lindenstraße und Wilhelmstraße","HF","13.392490","52.498095"
"100101010075141","Gitschiner Straße","West","zwischen Lindenstraße und Wilhelmstraße","HF_2vR","13.392490","52.498095"
"100101010075242","Gitschiner Straße","West","zwischen Lindenstraße und Wilhelmstraße","BUS","13.392490","52.498095"
"100101010022601","Goebenstraße","West","zwischen Kulmer Straße und Steinmetzstraße, in Höhe Haus Nr. 5, Bereich des Mittelstreifens","HF_R","13.363457","52.494055"
"100101010022702","Goebenstraße","West","zwischen Kulmer Straße und Steinmetzstraße, in Höhe Haus Nr. 5, Bereich des Mittelstreifens","HF_2vR","13.363457","52.494055"
"100101010022803","Goebenstraße","Ost","zwischen Steinmetzstraße und Kulmer  Straße, in Höhe Haus Nr. 5, Bereich des Mittelstreifens","HF_R","13.363201","52.493924"
"100101010022904","Goebenstraße","Ost","zwischen Steinmetzstraße und Kulmer  Straße, in Höhe Haus Nr. 5, Bereich des Mittelstreifens","HF_2vR","13.363201","52.493924"
"100101010042708","Goerzallee","Nord","zwischen Waadter Zeile und Lausanner Straße, Ecke Engadiner Weg","HF_R","13.304074","52.426489"
"100101010042809","Goerzallee","Süd","zwischen Lausanner Straße und Waadter Zeile, Ecke Engadiner Weg","HF_R","13.304129","52.426588"
"100101010056448","Grabbeallee","Nord","zwischen Tschaikowskistraße und Pastor-Niemöller-Platz, 2. Mast nach Tschaikowskistraße","HF_2vR","13.398415","52.577246"
"100101010056549","Grabbeallee","Süd","zwischen Homeyerstraße und Pfeilstraße, 2. Mast nach Homeyerstraße","HF_2vR","13.398891","52.573107"
"100101010003302","Gradestraße","West","zwischen Tempelhofer Weg und A100 AS Gradestraße, in Höhe der Bahnunterführung","HF_R","13.419757","52.452185"
"100101010003403","Gradestraße","West","zwischen Tempelhofer Weg und A100 AS Gradestraße, in Höhe der Bahnunterführung","HF_2vR","13.419757","52.452185"
"100101010003504","Gradestraße","Ost","zwischen A100 AS Gradestraße und Tempelhofer Weg, in Höhe der Bahnunterführung","HF_R","13.419662","52.452070"
"100101010003605","Gradestraße","Ost","zwischen A100 AS Gradestraße und Tempelhofer Weg, in Höhe der Bahnunterführung","HF_2vR","13.419662","52.452070"
"100101010034119","Greifswalder Straße","Süd","zwischen Immanuelkirchstraße und Heinrich-Roller-Straße, in Höhe Haus Nr. 226, vor Heinrich-Roller-Straße","HF_R","13.425466","52.529857"
"100101010034220","Greifswalder Straße","Süd","zwischen Immanuelkirchstraße und Heinrich-Roller-Straße, in Höhe Haus Nr. 226, vor Heinrich-Roller-Straße","HF_2vR","13.425466","52.529857"
"100101010001884","Großbeerenstraße","Nordost","zwischen Körtingstraße und Wilhelm-Pasewaldt-Straße, Ecke Willhelm-Pasewald-Straße","HF_R","13.379267","52.436141"
"100101010001985","Großbeerenstraße","Nordost","zwischen Körtingstraße und Wilhelm-Pasewaldt-Straße, Ecke Willhelm-Pasewald-Straße","HF_2vR","13.379267","52.436141"
"100101010062411","Grunerstraße","Nordost","Tunneleinfahrt Unterführung Alexanderplatz, 2. LM vor S-Bahn-Brücke","AbL_R","13.413210","52.519602"
"100101010062512","Grunerstraße","Nordost","Tunneleinfahrt Unterführung Alexanderplatz, 2. LM vor S-Bahn-Brücke","AbL_2vR","13.413210","52.519602"
"100101010062613","Grunerstraße","Südwest","Tunneleinfahrt Unterführung Alexanderplatz, 2. LM vor S-Bahn-Brücke","ZuL_R","13.413251","52.519722"
"100101010062714","Grunerstraße","Südwest","Tunneleinfahrt Unterführung Alexanderplatz, 2. LM vor S-Bahn-Brücke","ZuL_2vR","13.413251","52.519722"
"100101010023005","Hallesches Ufer","West","zwischen Wilhelmstraße und Großbeerenstraße, in Höhe Haus Nr. 24, ca. 30 m nach Wilhelmstraße","HF_2vR","13.388179","52.498260"
"100101010023106","Hallesches Ufer","West","zwischen Wilhelmstraße und Großbeerenstraße, in Höhe Haus Nr. 24, ca. 30 m nach Wilhelmstraße","HF_3vR","13.388179","52.498260"
"100101010053014","Hallesches Ufer","Nordwest","zwischen Schöneberger Straße und Köthener Straße, 2. LM hinter Schöneberger Straße","HF_R","13.376534","52.502269"
"100101010053115","Hallesches Ufer","Nordwest","zwischen Schöneberger Straße und Köthener Straße, 2. LM hinter Schöneberger Straße","HF_2vR","13.376534","52.502269"
"100101010053216","Hallesches Ufer","Nordwest","zwischen Schöneberger Straße und Köthener Straße, 2. LM hinter Schöneberger Straße","HF_3vR","13.376534","52.502269"
"100101010032200","Hansastraße","Nord","zwischen Neuzeller Weg und Malchower Weg, in Höhe Haus Nr. 236, kurz hinter Einfahrt Parkhaus Hansacenter","HF_R","13.497802","52.560585"
"100101010032301","Hansastraße","Nord","zwischen Neuzeller Weg und Malchower Weg, in Höhe Haus Nr. 236, kurz hinter Einfahrt Parkhaus Hansacenter","HF_2vR","13.497802","52.560585"
"100101010014113","Hardenbergstraße","Süd","zwischen Knesebeckstraße und Steinplatz, ca. 100 m hinter Ernst-Reuter-Platz","HF_R","13.323836","52.510568"
"100101010014214","Hardenbergstraße","Süd","zwischen Knesebeckstraße und Steinplatz, ca. 100 m hinter Ernst-Reuter-Platz","HF_2vR","13.323836","52.510568"
"100101010014315","Hardenbergstraße","Süd","zwischen Knesebeckstraße und Steinplatz, ca. 100 m hinter Ernst-Reuter-Platz","HF_3vR","13.323836","52.510568"
"100101010014416","Hardenbergstraße","Nord","zwischen Steinplatz und Knesebeckstraße, ca. 100 m vor Ernst-Reuter-Platz (gegenüber)","HF_R","13.324106","52.510579"
"100101010014517","Hardenbergstraße","Nord","zwischen Steinplatz und Knesebeckstraße, ca. 100 m vor Ernst-Reuter-Platz (gegenüber)","HF_2vR","13.324106","52.510579"
"100101010014618","Hardenbergstraße","Nord","zwischen Steinplatz und Knesebeckstraße, ca. 100 m vor Ernst-Reuter-Platz (gegenüber)","HF_3vR","13.324106","52.510579"
"100101010011685","Hauptstraße","Südost","zwischen Karlshorster Straße und Emma-Ihrer-Straße, in Höhe Haus Nr. 5","HF_R","13.478905","52.499777"
"100101010011786","Hauptstraße","Südost","zwischen Karlshorster Straße und Emma-Ihrer-Straße, in Höhe Haus Nr. 5","HF_2vR","13.478905","52.499777"
"100101010011887","Hauptstraße","Nordwest","zwischen Schlichtallee und Karlshorster Straße, in Höhe Haus Nr. 5 (gegenüber)","HF_R","13.477584","52.500555"
"100101010011988","Hauptstraße","Nordwest","zwischen Schlichtallee und Karlshorster Straße, in Höhe Haus Nr. 5 (gegenüber)","HF_2vR","13.477584","52.500555"
"100101010022294","Hauptstraße","Südwest","zwischen Helmstraße und Vorbegstraße, in Höhe Haus Nr. 152 (gegenüber)","HF_R","13.358582","52.488695"
"100101010022395","Hauptstraße","Südwest","zwischen Helmstraße und Vorbegstraße, in Höhe Haus Nr. 152 (gegenüber)","HF_2vR","13.358582","52.488695"
"100101010022496","Hauptstraße","Nordost","zwischen Vorbergstraße und Helmstraße, in Höhe Haus Nr. 152","HF_R","13.358680","52.488561"
"100101010022500","Hauptstraße","Nordost","zwischen Vorbergstraße und Helmstraße, in Höhe Haus Nr. 152","HF_2vR","13.358680","52.488561"
"100101010072818","Hauptstraße","Südwest","zwischen Eisenacher Straße und Dominicusstraße","HF_R","13.349684","52.482825"
"100101010072919","Hauptstraße","Südwest","zwischen Eisenacher Straße und Dominicusstraße","HF_2vR","13.349684","52.482825"
"100101010073020","Hauptstraße","Südwest","zwischen Eisenacher Straße und Dominicusstraße","BUS","13.349633","52.482855"
"100101010095046","Hauptstraße","Südwest","zwischen Dominicusstraße und Koburger Straße","HF_R","13.346521","52.480567"
"100101010095147","Hauptstraße","Südwest","zwischen Dominicusstraße und Koburger Straße","HF_2vR","13.346521","52.480567"
"100101010095248","Hauptstraße","Nordost","zwischen Kärntener Straße und Dominicusstraße","HF_R","13.347267","52.480816"
"100101010095349","Hauptstraße","Nordost","zwischen Kärntener Straße und Dominicusstraße","HF_2vR","13.347267","52.480816"
"100101010053923","Heerstraße","Ost","zwischen Pillnitzer Weg und Magistrastsweg, LM 409, ca. 100 m vor Magistratsweg","HF_R","13.156639","52.521340"
"100101010054024","Heerstraße","Ost","zwischen Pillnitzer Weg und Magistrastsweg, LM 409, ca. 100 m vor Magistratsweg","HF_2vR","13.156639","52.521340"
"100101010060892","Heinrich-Heine-Straße","Nord","zwischen Annenstraße und Köpenicker Straße","HF_R","13.415257","52.509374"
"100101010060993","Heinrich-Heine-Straße","Süd","zwischen Köpenicker Straße und Annenstraße","HF_R","13.415434","52.509714"
"100101010057256","Hermannstraße","Nord","zwischen Silbersteinstraße und Siegfriedstraße","HF_R","13.431741","52.466934"
"100101010057357","Hermannstraße","Nord","zwischen Silbersteinstraße und Siegfriedstraße","HF_2vR","13.431741","52.466934"
"100101010057458","Hermannstraße","Süd","zwischen Siegfriedstraße und Silbersteinstraße, auf der Hermannbrücke","HF_R","13.431269","52.467477"
"100101010057559","Hermannstraße","Süd","zwischen Siegfriedstraße und Silbersteinstraße, auf der Hermannbrücke","HF_2vR","13.431269","52.467477"
"100101010091309","Hessische Straße","Nordwest","Hessische Straße","HF_R","13.380508","52.528544"
"100101010036240","Hofjägerallee","Nord","zwischen Tiergartenstraße und Großer Stern, Eingang Tiergarten, in Höhe LM 18","HF_R","13.350817","52.511979"
"100101010036341","Hofjägerallee","Nord","zwischen Tiergartenstraße und Großer Stern, Eingang Tiergarten, in Höhe LM 18","HF_2vR","13.350817","52.511979"
"100101010036442","Hofjägerallee","Nord","zwischen Tiergartenstraße und Großer Stern, Eingang Tiergarten, in Höhe LM 18","HF_3vR","13.350817","52.511979"
"100101010017345","Hohenzollerndamm","Nordost","zwischen Counostraße und AS Hohenzollerndamm, in Höhe Haus Nr. 56 (gegenüber)","HF_R","13.297705","52.486298"
"100101010017446","Hohenzollerndamm","Nordost","zwischen Counostraße und AS Hohenzollerndamm, in Höhe Haus Nr. 56 (gegenüber)","HF_2vR","13.297705","52.486298"
"100101010017547","Hohenzollerndamm","West","zwischen Flinsberger Platz und Elgersburger Straße, in Höhe Haus Nr. 68","HF_R","13.291867","52.483282"
"100101010017648","Hohenzollerndamm","West","zwischen Flinsberger Platz und Elgersburger Straße, in Höhe Haus Nr. 68","HF_2vR","13.291867","52.483282"
"100101010052610","Hohenzollerndamm","West","zwischen Bundesallee und Fasanenstraße, LM 5 – 3. Mast hinter Bundesallee","HF_R","13.329336","52.495280"
"100101010052711","Hohenzollerndamm","West","zwischen Bundesallee und Fasanenstraße, LM 5 – 3. Mast hinter Bundesallee","HF_2vR","13.329336","52.495280"
"100101010052812","Hohenzollerndamm","Ost","zwischen Nikolsburger Straße und Bundesallee, LM 10 – 2. Mast hinter Nikolsburger Straße","HF_R","13.328069","52.494843"
"100101010052913","Hohenzollerndamm","Ost","zwischen Nikolsburger Straße und Bundesallee, LM 10 – 2. Mast hinter Nikolsburger Straße","HF_2vR","13.328069","52.494843"
"100101010063421","Invalidenstraße","Südwest","zwischen Lesser-Ury-Weg und Claire-Waldoff-Promenade, unmittelbar hinter Einmündung Lesser-Ury-Weg","HF_R","13.362778","52.524456"
"100101010091410","Invalidenstraße","West","zwischen Chausseestr und Hessische Straße","HF_R","13.381615","52.530223"
"100101010091511","Invalidenstraße","West","zwischen Chausseestr und Hessische Straße","HF_R","13.381615","52.530223"
"100101010092016","Invalidenstraße","West","zwischen Chausseestr und Hessische Straße","HF_R","13.381101","52.530072"
"100101010092117","Invalidenstraße","Ost","zwischen Hessische Str und Chausseestraße","HF_R","13.380063","52.529681"
"100101010092218","Invalidenstraße","Ost","zwischen Hessische Str und Chausseestraße","HF_2vR","13.380063","52.529681"
"100101010092319","Invalidenstraße","West","in Höhe Haus Nr.30 zwischen Am Nordbahnhof und Chausseestraße","HF_R","13.384598","52.531015"
"100101010092420","Invalidenstraße","West","in Höhe Haus Nr.30 zwischen Am Nordbahnhof und Chausseestraße","HF_2vR","13.384598","52.531015"
"100101010092521","Invalidenstraße","Ost","in Höhe Haus Nr.115 zwischen Chausseestraße und Eichendorffstraße","HF_R","13.384404","52.530869"
"100101010092622","Invalidenstraße","Ost","in Höhe Haus Nr.115 zwischen Chausseestraße und Eichendorffstraße","HF_2vR","13.384404","52.530869"
"100101010093228","Invalidenstraße","West","Höhe Nordbahnhof","HF_R","13.387209","52.531592"
"100101010093329","Invalidenstraße","Ost","Höhe Nordbahnhof","HF_R","13.387089","52.531362"
"100101010032503","Jafféstraße","Nord","zwischen Silingenweg und Heerstraße, ca. 10 m nach Silingenweg","HF_R","13.262167","52.507438"
"100101010032604","Jafféstraße","Nord","zwischen Silingenweg und Heerstraße, ca. 10 m nach Silingenweg","HF_2vR","13.262167","52.507438"
"100101010032705","Jafféstraße","Südost","zwischen Harbigstraße und Messedamm, in Höhe Fußgängerunterführung Messeingang Süd","HF_R","13.268609","52.499730"
"100101010032806","Jafféstraße","Südost","zwischen Harbigstraße und Messedamm, in Höhe Fußgängerunterführung Messeingang Süd","HF_2vR","13.268609","52.499730"
"100101010073323","Joachimstaler Straße","Nord","zwischen Lietzenburger Straße und Kurfürstendamm","HF_R","13.331245","52.501908"
"100101010073424","Joachimstaler Straße","Nord","zwischen Lietzenburger Straße und Kurfürstendamm","HF_2vR","13.331245","52.501908"
"100101010090602","Julie-Wolfthorn-Straße","West","Julie-Wolfthorn-Straße","HF_R","13.386342","52.532990"
"100101010090703","Julie-Wolfthorn-Straße","West","Julie-Wolfthorn-Straße","HF_2vR","13.386342","52.532990"
"100101010090804","Julie-Wolfthorn-Straße","Ost","Julie-Wolfthorn-Straße","HF_R","13.386437","52.532909"
"100101010090905","Julie-Wolfthorn-Straße","Ost","Julie-Wolfthorn-Straße","HF_2vR","13.386437","52.532909"
"100101010099692","Kaiser-Friedrich-Straße","Süd","zwischen Schillerstraße und Pestalozzistraße","HF_R","13.301719","52.509232"
"100101010099793","Kaiser-Friedrich-Straße","Süd","zwischen Schillerstraße und Pestalozzistraße","HF_2vR","13.301719","52.509232"
"100101010099894","Kaiser-Friedrich-Straße","Nord","zwischen Pestalozzistraße und Schillerstraße","HF_R","13.302183","52.508531"
"100101010099995","Kaiser-Friedrich-Straße","Nord","zwischen Pestalozzistraße und Schillerstraße","HF_2vR","13.302183","52.508531"
"100101010056044","Kantstraße","West","zwischen Leibnitzstraße und Weimarer Straße, 2. LM vor Weimarer Straße","HF_R","13.311785","52.506456"
"100101010056145","Kantstraße","West","zwischen Leibnitzstraße und Weimarer Straße, 2. LM vor Weimarer Straße","HF_2vR","13.311785","52.506456"
"100101010056246","Kantstraße","Ost","zwischen Weimarer Straße und Leibnitzstraße","HF_R","13.311568","52.506355"
"100101010056347","Kantstraße","Ost","zwischen Weimarer Straße und Leibnitzstraße","HF_2vR","13.311568","52.506355"
"100101010081407","Karl-Liebknecht-Straße","Südwest","zwischen Bahnbrücke und Spandauer Straße, in Höhe LM 24","BUS","13.405987","52.520862"
"100101010081508","Karl-Liebknecht-Straße","Südwest","zwischen Bahnbrücke und Spandauer Straße, in Höhe LM 24","HF_R","13.405987","52.520862"
"100101010081609","Karl-Liebknecht-Straße","Südwest","zwischen Bahnbrücke und Spandauer Straße, in Höhe LM 24","HF_2vR","13.405987","52.520862"
"100101010081710","Karl-Liebknecht-Straße","Nordost","zwischen Spandauer Straße und Bahnbrücke, in Höhe LM 25","HF_R","13.406579","52.520696"
"100101010081811","Karl-Liebknecht-Straße","Nordost","zwischen Spandauer Straße und Bahnbrücke, in Höhe LM 25","HF_2vR","13.406579","52.520696"
"100101010081912","Karl-Liebknecht-Straße","Nordost","zwischen Spandauer Straße und Bahnbrücke, in Höhe LM 25","BUS","13.406579","52.520696"
"100101010034321","Karl-Marx-Allee","West","zwischen Straße der Pariser Kommune und Koppenstraße, in Höhe Haus Nr. 81","HF_R","13.438467","52.517463"
"100101010034422","Karl-Marx-Allee","West","zwischen Straße der Pariser Kommune und Koppenstraße, in Höhe Haus Nr. 81","HF_2vR","13.438454","52.517430"
"100101010034523","Karl-Marx-Allee","West","zwischen Straße der Pariser Kommune und Koppenstraße, in Höhe Haus Nr. 81","HF_3vR","13.438454","52.517430"
"100101010078575","Karl-Marx-Straße","Süd","zwischen Flughafenstraße und Boddinstraße","HF_R","13.434149","52.481596"
"100101010078676","Karl-Marx-Straße","Süd","zwischen Flughafenstraße und Boddinstraße","HF_2vR","13.434149","52.481596"
"100101010078777","Karl-Marx-Straße","Nordwest","zwischen Erkstraße und Flughafenstraße, erster LM hinter Erkstraße, LM41","HF_R","13.435282","52.480952"
"100101010078878","Karl-Marx-Straße","Nordwest","zwischen Erkstraße und Flughafenstraße, erster LM hinter Erkstraße, LM41","HF_2vR","13.435282","52.480952"
"100101010096258","Katzbachstraße","Nord","zwischen Dudenstraße und Kreuzbergstraße","HF_R","13.376671","52.486276"
"100101010096359","Katzbachstraße","Süd","zwischen Monumentenstraße und Dudenstraße","HF_R","13.376465","52.486551"
"100101010023914","Klingelhöfer Straße","Nord","zwischen Von-der-Heydt-Straße und Köbisstraße, in Höhe Gelände der Kirche","HF_2vR","13.351842","52.508134"
"100101010024015","Klingelhöfer Straße","Nord","zwischen Von-der-Heydt-Straße und Köbisstraße, in Höhe Gelände der Kirche","HF_3vR","13.351842","52.508134"
"100101010024116","Klingelhöfer Straße","Nord","zwischen Von-der-Heydt-Straße und Köbisstraße, in Höhe Gelände der Kirche","HF_4vR","13.351842","52.508134"
"100101010024217","Klingelhöfer Straße","Süd","zwischen Rauchstraße und Corneliusstraße, in Höhe Gelände der Kirche","HF_R","13.351623","52.508231"
"100101010024318","Klingelhöfer Straße","Süd","zwischen Rauchstraße und Corneliusstraße, in Höhe Gelände der Kirche","HF_2vR","13.351623","52.508231"
"100101010024419","Klingelhöfer Straße","Süd","zwischen Rauchstraße und Corneliusstraße, in Höhe Gelände der Kirche","HF_3vR","13.351623","52.508231"
"100101010065946","Kochstraße","Ost","zwischen Wilhelmstraße und Friedrichstraße, in Höhe Haus Nr.7","HF_R","13.388223","52.506551"
"100101010066047","Kochstraße","West","zwischen Friedrichstraße und Wilhelmstraße, in Höhe Haus Nr. 65c","HF_R","13.388906","52.506638"
"100101010036038","Koenigsallee","Nord","zwischen Umgehungschaussee und Gustav-Freytag-Straße, in Höhe Haus Nr. 69, ca. 30 m vor Gustav-Freytag-Straße","HF_R","13.262192","52.481394"
"100101010036139","Koenigsallee","Süd","zwischen Gustav-Freytag-Straße und Umgehungschaussee, in Höhe Haus Nr. 69, ca. 30 m hinter Gustav-Freytag-Straße","HF_R","13.262150","52.481494"
"100101010069380","Königin-Elisabeth-Straße","Süd","zwischen Knobelsdorffstraße und Fredericiastraße","HF_R","13.281476","52.511741"
"100101010069481","Königin-Elisabeth-Straße","Süd","zwischen Knobelsdorffstraße und Fredericiastraße","HF_2vR","13.281476","52.511741"
"100101010074131","Köpenicker Straße","Nordost","zwischen Am Studio und Adlergestell","HF_R","13.548549","52.427418"
"100101010074232","Köpenicker Straße","Nordost","zwischen Am Studio und Adlergestell","HF_2vR","13.548549","52.427418"
"100101010021688","Kurfürstendamm","Ost","zwischen Schwarzbacger Straße und Bornstedter Straße, in Höhe Haus Nr. 129a, ca. 20 m nach Schwarzbacher Straße","HF_R","13.288160","52.496309"
"100101010021789","Kurfürstendamm","Ost","zwischen Schwarzbacger Straße und Bornstedter Straße, in Höhe Haus Nr. 129a, ca. 20 m nach Schwarzbacher Straße","HF_2vR","13.288160","52.496309"
"100101010009867","Landsberger Allee","Ost","zwischen Weißenseer Weg und Vulkanstraße, in Höhe Haus Nr. 204","HF_R","13.478725","52.533128"
"100101010009968","Landsberger Allee","Ost","zwischen Weißenseer Weg und Vulkanstraße, in Höhe Haus Nr. 204","HF_2vR","13.478725","52.533128"
"100101010010069","Landsberger Allee","Ost","zwischen Weißenseer Weg und Vulkanstraße, in Höhe Haus Nr. 204","HF_3vR","13.478725","52.533128"
"100101010010170","Landsberger Allee","West","zwischen Vulkanstraße und  Weißenseer Weg, in Höhe Haus Nr. 204 (gegenüber)","HF_R","13.478884","52.533276"
"100101010010271","Landsberger Allee","West","zwischen Vulkanstraße und  Weißenseer Weg, in Höhe Haus Nr. 204 (gegenüber)","HF_2vR","13.478884","52.533276"
"100101010010372","Landsberger Allee","West","zwischen Vulkanstraße und  Weißenseer Weg, in Höhe Haus Nr. 204 (gegenüber)","HF_3vR","13.478884","52.533276"
"100101010027752","Landsberger Allee","Ost","zwischen Matthiasstraße und Virchowstraße, in Höhe Haus Nr. 48 (Eingang Friedhof)","HF_R","13.440941","52.524298"
"100101010027853","Landsberger Allee","Ost","zwischen Matthiasstraße und Virchowstraße, in Höhe Haus Nr. 48 (Eingang Friedhof)","HF_2vR","13.440941","52.524298"
"100101010075646","Landsberger Allee","West","zwischen Storkower Straße und Fritz-Riedel-Straße","HF_R","13.454951","52.528526"
"100101010075747","Landsberger Allee","West","zwischen Storkower Straße und Fritz-Riedel-Straße","HF_2vR","13.454951","52.528526"
"100101010075848","Landsberger Allee","West","zwischen Storkower Straße und Fritz-Riedel-Straße","HF_3vR","13.454951","52.528526"
"100101010073727","Leibnizstraße","Süd","zwischen Bismarckstraße und Kantstraße, in Höhe Kreuzung Schillerstraße","HF_R","13.314480","52.510797"
"100101010077161","Leibnizstraße","Nord","zwischen Kantstraße und Bismarckstraße, in Höhe Kreuzung Schillerstraße","HF_R","13.314683","52.510588"
"100101010093632","Leipziger Platz","West","zwischen Leipziger Straße und Potsdamer Platz","HF_R","13.378868","52.509747"
"100101010093733","Leipziger Platz","West","zwischen Leipziger Straße und Potsdamer Platz","HF_2vR","13.378868","52.509747"
"100101010031287","Leipziger Straße","West","zwischen Jerusalemer Straße und Seydelstraße, in Höhe Haus Nr. 54","HF_R","13.400197","52.511204"
"100101010031388","Leipziger Straße","West","zwischen Jerusalemer Straße und Seydelstraße, in Höhe Haus Nr. 54","HF_2vR","13.400197","52.511204"
"100101010031489","Leipziger Straße","West","zwischen Jerusalemer Straße und Seydelstraße, in Höhe Haus Nr. 54","HF_3vR","13.400197","52.511204"
"100101010031590","Leipziger Straße","Ost","zwischen Jerusalemer Straße und Seydelstraße, in Höhe Haus Nr. 54","HF_R","13.400044","52.511058"
"100101010031691","Leipziger Straße","Ost","zwischen Jerusalemer Straße und Seydelstraße, in Höhe Haus Nr. 54","HF_2vR","13.400044","52.511058"
"100101010031792","Leipziger Straße","Ost","zwischen Jerusalemer Straße und Seydelstraße, in Höhe Haus Nr. 54","HF_3vR","13.400044","52.511058"
"100101010062815","Leipziger Straße","West","zwischen Friedrichstraße und Mauerstraße, am Balkon des NH-Hotels","HF_R","13.388735","52.510298"
"100101010062916","Leipziger Straße","West","zwischen Friedrichstraße und Mauerstraße, am Balkon des NH-Hotels","HF_2vR","13.388735","52.510298"
"100101010063017","Leipziger Straße","Ost","zwischen Mauerstraße und Friedrichstraße, am LM 6, Gehweg vor EInfahrt Bulgarische Botschaft","HF_R","13.388348","52.510215"
"100101010063118","Leipziger Straße","Ost","zwischen Mauerstraße und Friedrichstraße, am LM 6, Gehweg vor EInfahrt Bulgarische Botschaft","HF_2vR","13.388348","52.510215"
"100101010064936","Leipziger Straße","West","zwischen Markgrafenstraße und Charlottenstraße, Ecke Markgrafenstraße","HF_R","13.393484","52.510750"
"100101010065037","Leipziger Straße","West","zwischen Markgrafenstraße und Charlottenstraße, Ecke Markgrafenstraße","HF_2vR","13.393484","52.510750"
"100101010065138","Leipziger Straße","Ost","zwischen Charlottenstraße und Markgrafenstraße, unmittelbar nach Ecke Markgrafenstraße, LM in Höhe Fußgängerfurt","HF_R","13.393103","52.510618"
"100101010065239","Leipziger Straße","Ost","zwischen Charlottenstraße und Markgrafenstraße, unmittelbar nach Ecke Markgrafenstraße, LM in Höhe Fußgängerfurt","HF_2vR","13.393103","52.510618"
"100101010093430","Leipziger Straße","Ost","zwischen Leipziger Platz und Wilhelmstraße","HF_R","13.380164","52.509670"
"100101010093531","Leipziger Straße","Ost","zwischen Leipziger Platz und Wilhelmstraße","HF_2vR","13.380164","52.509670"
"100101010053822","Lennéstraße","West","zwischen Ebertstraße und Bellevuestraße, LM 4","HF_R","13.373337","52.511443"
"100101010002490","Lichtenrader Damm","Nord","zwischen Reichnerweg und Baldesheimer Weg, in Höhe Haus Nr. 13, Ecke Baldesheimer Weg","HF_R","13.402098","52.413162"
"100101010002591","Lichtenrader Damm","Nord","zwischen Reichnerweg und Baldesheimer Weg, in Höhe Haus Nr. 13, Ecke Baldesheimer Weg","HF_2vR","13.402098","52.413162"
"100101010021890","Lietzenburger Str","Ost","zwischen Sächsische Straße und Emser Straße, ca. 10 m nach Sächsische Straße","HF_R","13.319204","52.499624"
"100101010021991","Lietzenburger Str","Ost","zwischen Sächsische Straße und Emser Straße, ca. 10 m nach Sächsische Straße","HF_2vR","13.319200","52.499653"
"100101010022092","Lietzenburger Str","West","zwischen Knesebeckerstraße und Emser Straße, in Höhe Haus Nr. 92, ca.40 m nach Knesebeckstraße","HF_R","13.320685","52.499798"
"100101010022193","Lietzenburger Str","West","zwischen Knesebeckerstraße und Emser Straße, in Höhe Haus Nr. 92, ca.40 m nach Knesebeckstraße","HF_2vR","13.320685","52.499798"
"100101010076959","Lietzenburger Straße","Südwest","zwischen Martin-Luther-Straße und Bayreuther Straße","HF_R","13.344428","52.500342"
"100101010077060","Lietzenburger Straße","Südwest","zwischen Martin-Luther-Straße und Bayreuther Straße","HF_2vR","13.344428","52.500342"
"100101010084033","Lietzenburger Straße","Ost","zwischen Welserstraße und Martin-Luther-Straße, ca 50 m vor Martin-Luther-Straße","HF_R","13.345234","52.499936"
"100101010084134","Lietzenburger Straße","Ost","zwischen Welserstraße und Martin-Luther-Straße, ca 50 m vor Martin-Luther-Straße","HF_2vR","13.345234","52.499936"
"100101010020274","Lindenstraße","Ost","zwischen Gardinalstraße und Joachimstraße, Höhe Haus Nr. 29","HF_R","13.568938","52.453219"
"100101010020375","Lindenstraße","Ost","zwischen Gardinalstraße und Joachimstraße, Höhe Haus Nr. 29","HF_2vR","13.568938","52.453219"
"100101010067158","Lindenstraße","Süd","zwischen E.-A.-T.-Hoffmann-Promenade und Franz-Klühs-Straße, Höhe Sportplatz","HF_R","13.394316","52.502013"
"100101010067259","Lindenstraße","Süd","zwischen E.-A.-T.-Hoffmann-Promenade und Franz-Klühs-Straße, Höhe Sportplatz","HF_2vR","13.394316","52.502013"
"100101010067360","Lindenstraße","Nordost","zwischen Am Berlin-Museum und Ritterstraße, vor Ecke Ritterstraße","HF_R","13.396939","52.505206"
"100101010067461","Lindenstraße","Nordost","zwischen Am Berlin-Museum und Ritterstraße, vor Ecke Ritterstraße","HF_2vR","13.396939","52.505206"
"100101010009665","Malchower Chaussee","Süd","zwischen Darßer Straße und Malchow","HF_R","13.479312","52.569752"
"100101010009766","Malchower Chaussee","Nord","zwischen  Malchow und Darßer Straße","HF_R","13.479235","52.569659"
"100101010096864","Manteuffelstraße","Süd","zwischen Albrechtstraße und Kaiserin-Augusta-Straße","HF_R","13.376444","52.460663"
"100101010096965","Manteuffelstraße","Süd","zwischen Albrechtstraße und Kaiserin-Augusta-Straße","HF_2vR","13.376444","52.460663"
"100101010097066","Manteuffelstraße","Nord","zwischen Kaiserin-Augusta-Straße und Albrechtstraße","HF_R","13.376743","52.460452"
"100101010097167","Manteuffelstraße","Nord","zwischen Kaiserin-Augusta-Straße und Albrechtstraße","HF_2vR","13.376743","52.460452"
"100101010002288","Mariendorfer Damm","Süd","zwischen Kettinger Straße und Buckower Chaussee, in Höhe Haus Nr. 434","HF_R","13.400052","52.416157"
"100101010002389","Mariendorfer Damm","Süd","zwischen Kettinger Straße und Buckower Chaussee, in Höhe Haus Nr. 434","HF_2vR","13.400052","52.416157"
"100101010002692","Mariendorfer Damm","Nord","zwischen Hundsteinweg und Friedenstraße, in Höhe Haus Nr. 161,  vor Friedenstraße","HF_R","13.388241","52.437463"
"100101010002793","Mariendorfer Damm","Nord","zwischen Hundsteinweg und Friedenstraße, in Höhe Haus Nr. 161,  vor Friedenstraße","HF_2vR","13.388241","52.437463"
"100101010078979","Mariendorfer Damm","Südost","zwischen Friedenstraße und Körtingstraße, sechster LM nach Friedenstraße, LM 176","HF_R","13.388168","52.437281"
"100101010079080","Mariendorfer Damm","Südost","zwischen Friedenstraße und Körtingstraße, sechster LM nach Friedenstraße, LM 176","HF_2vR","13.388168","52.437281"
"100101010079181","Mariendorfer Damm","Südost","zwischen Friedenstraße und Körtingstraße, sechster LM nach Friedenstraße, LM 176","BUS","13.388145","52.437275"
"100101010002086","Marienfelder Allee","Südwest","zwischen Domagkstraße und Malteser Straße, in Höhe Haus Nr. 130b","HF_R","13.364413","52.414876"
"100101010069683","Marienfelder Allee","Nord","zwischen Ahrensdorfer Straße und Diedersdorfer Weg, ca. 330 m vor Nahmitzer Damm, 4. LM vor Diedersdorfer Weg (LM230)","HF_R","13.359741","52.409598"
"100101010069784","Marienfelder Allee","Nord","zwischen Ahrensdorfer Straße und Diedersdorfer Weg, ca. 330 m vor Nahmitzer Damm, 4. LM vor Diedersdorfer Weg (LM230)","HF_2vR","13.359741","52.409598"
"100101010069885","Marienfelder Allee","Süd","zwischen Diedersdorfer Weg und Ahrensdorfer Straße, ca. 250 m nach Hildburghauser Straße, 2. LM nach Diedersdorfer Weg (LM 233)","HF_R","13.360055","52.410127"
"100101010069986","Marienfelder Allee","Süd","zwischen Diedersdorfer Weg und Ahrensdorfer Straße, ca. 250 m nach Hildburghauser Straße, 2. LM nach Diedersdorfer Weg (LM 233)","HF_2vR","13.360055","52.410127"
"100101010018557","Marienfelder Chaussee","West","zwischen Ostheimer Straße und Mariendorfer Damm, Höhe Haus Nr. 152, ca. 20 m nach Ostheimer Straße","HF_R","13.404457","52.415381"
"100101010018658","Marienfelder Chaussee","West","zwischen Ostheimer Straße und Mariendorfer Damm, Höhe Haus Nr. 152, ca. 20 m nach Ostheimer Straße","HF_2vR","13.404457","52.415381"
"100101010039977","Märkische Allee","Süd","zwischen Wuhletalstraße und Mehrower Allee, in Höhe Haus Nr. 290","HF_R","13.555812","52.559622"
"100101010040078","Märkische Allee","Süd","zwischen Wuhletalstraße und Mehrower Allee, in Höhe Haus Nr. 290","HF_2vR","13.555812","52.559622"
"100101010040179","Märkische Allee","Süd","zwischen Wuhletalstraße und Mehrower Allee, in Höhe Haus Nr. 290","HF_3vR","13.555812","52.559622"
"100101010040280","Märkische Allee","Nord","zwischen Bitterfelder Straße und Mehrower Allee, in Höhe Haus Nr. 262","HF_R","13.552955","52.556008"
"100101010040381","Märkische Allee","Nord","zwischen Bitterfelder Straße und Mehrower Allee, in Höhe Haus Nr. 262","HF_2vR","13.552955","52.556008"
"100101010040482","Märkische Allee","Nord","zwischen Bitterfelder Straße und Mehrower Allee, in Höhe Haus Nr. 262","HF_3vR","13.552955","52.556008"
"100101010008756","Markstraße","Süd","zwischen Frauenfelder Weg und Ungarnstraße,  in Höhe Haus Nr. 19","HF_R","13.365083","52.559064"
"100101010061300","Martin-Luther-Straße","Nord","zwischen Barbarossastraße und Traunsteiner Straße","BUS","13.345310","52.492614"
"100101010061401","Martin-Luther-Straße","Nord","zwischen Barbarossastraße und Traunsteiner Straße","HF_R","13.345268","52.492614"
"100101010061502","Martin-Luther-Straße","Nord","zwischen Barbarossastraße und Traunsteiner Straße","HF_2vR","13.345268","52.492614"
"100101010083427","Martin-Luther-Straße","Süd","zwischen Hohenstaufenstraße und Grunewaldstraße, hinter Barbarossastraße","HF_R","13.344832","52.491694"
"100101010083528","Martin-Luther-Straße","Süd","zwischen Hohenstaufenstraße und Grunewaldstraße, hinter Barbarossastraße","HF_2vR","13.344832","52.491694"
"100101010083629","Martin-Luther-Straße","Süd","zwischen Hohenstaufenstraße und Grunewaldstraße, hinter Barbarossastraße","BUS","13.344832","52.491694"
"100101010083730","Martin-Luther-Straße","Nord","zwischen Fuggerstraße und Lietzenburger Straße","HF","13.346215","52.499356"
"100101010083831","Martin-Luther-Straße","Nord","zwischen Fuggerstraße und Lietzenburger Straße","HF_2vR","13.346215","52.499356"
"100101010083932","Martin-Luther-Straße","Nord","zwischen Fuggerstraße und Lietzenburger Straße","HF_3vR","13.346215","52.499356"
"100101010082013","Mollstraße","Nordwest","zwischen Otto-Braun-Straße und Mendelssohnstraße","HF_R","13.418836","52.525886"
"100101010082114","Mollstraße","Nordwest","zwischen Otto-Braun-Straße und Mendelssohnstraße","HF_2vR","13.418836","52.525886"
"100101010082215","Mollstraße","Nordwest","zwischen Otto-Braun-Straße und Mendelssohnstraße","BUS","13.418836","52.525886"
"100101010086053","Mollstraße","Südost","zwischen Karl-Liebknecht-Straße und Keibelstraße","HF","13.416514","52.526271"
"100101010086154","Mollstraße","Südost","zwischen Karl-Liebknecht-Straße und Keibelstraße","HF_2vR","13.416514","52.526271"
"100101010086255","Mollstraße","Südost","zwischen Karl-Liebknecht-Straße und Keibelstraße","HF_3vR","13.416514","52.526271"
"100101010019870","Müggelheimer Damm","West","zwischen Erwin-Bock-Straße und Salvador-Allende-Straße, ca. 60 m hinter Erwin-Bock-Straße","HF_R","13.595328","52.437509"
"100101010019971","Müggelheimer Damm","Ost","zwischen Mayschweg und Erwin-Bock-Straße, ca. 60 m vor Erwin-Bock-Straße","HF_R","13.595150","52.437539"
"100101010008352","Müllerstraße","Nord","zwischen Seestraße und Ungarnstraße, in Höhe Haus Nr. 42-43","HF_2vR","13.351478","52.550813"
"100101010008453","Müllerstraße","Nord","zwischen Seestraße und Ungarnstraße, in Höhe Haus Nr. 42-43","HF_R","13.351478","52.550813"
"100101010008554","Müllerstraße","Süd","zwischen Tansvaalstraße und Kongostraße, Ecke Kongostraße","HF_R","13.347179","52.553111"
"100101010008655","Müllerstraße","Süd","zwischen Tansvaalstraße und Kongostraße, Ecke Kongostraße","HF_2vR","13.347179","52.553111"
"100101010054125","Müllerstraße (Weddingplatz)","Nordwest","(FR-Nordwest) zwischen Schulzendorfer Straße und Fennstraße, LM 9, 2. LM hinter Schulzendorfer Straße","HF_R","13.369994","52.540322"
"100101010054226","Müllerstraße (Weddingplatz)","Nordwest","(FR-Nordwest) zwischen Schulzendorfer Straße und Fennstraße, LM 9, 2. LM hinter Schulzendorfer Straße","HF_2vR","13.369994","52.540322"
"100101010054327","Müllerstraße (Weddingplatz)","Nordwest","(FR-Nordwest) zwischen Schulzendorfer Straße und Fennstraße, LM 9, 2. LM hinter Schulzendorfer Straße","HF_3vR","13.369994","52.540322"
"100101010054428","Müllerstraße (Weddingplatz)","Südost","(FR-Südost) zwischen Fennstraße und Sellerstraße, LM 14, 2. LM hinter Fennstraße","HF_R","13.369061","52.540674"
"100101010054529","Müllerstraße (Weddingplatz)","Südost","(FR-Südost) zwischen Fennstraße und Sellerstraße, LM 14, 2. LM hinter Fennstraße","HF_2vR","13.369061","52.540674"
"100101010054630","Müllerstraße (Weddingplatz)","Südost","(FR-Südost) zwischen Fennstraße und Sellerstraße, LM 14, 2. LM hinter Fennstraße","HF_3vR","13.369061","52.540674"
"100101010080494","Neue Kantstraße","Ost","zwischen Herbartstraße und Kuno-Fischer-Straße","HF","13.287054","52.506478"
"100101010080595","Neue Kantstraße","Ost","zwischen Herbartstraße und Kuno-Fischer-Straße","HF_2vR","13.287054","52.506478"
"100101010080696","Neue Kantstraße","West","zwischen Kuno-Fischer-Straße und Herbartstraße","HF","13.286962","52.506609"
"100101010080700","Neue Kantstraße","West","zwischen Kuno-Fischer-Straße und Herbartstraße","HF_2vR","13.286962","52.506609"
"100101010002894","Neuköllner Straße","Nordwest","2. LM nach Stubenrauchstraße, gegenüber Haus Nr. 268 (Linksabbieger)","LA","13.484915","52.424709"
"100101010002995","Neuköllner Straße","Nordwest","2. LM nach Stubenrauchstraße, gegenüber Haus Nr. 268","HF_R","13.484884","52.424694"
"100101010003096","Neuköllner Straße","Nordwest","2. LM nach Stubenrauchstraße, gegenüber Haus Nr. 268","HF_2vR","13.484884","52.424694"
"100101010072313","Neuköllner Straße","Nordwest","zwischen Alt-Rudow und Stubenrachstraße, in Höhe Kleestraße","HF_R","13.487339","52.423012"
"100101010072414","Neuköllner Straße","Nordwest","zwischen Alt-Rudow und Stubenrachstraße, in Höhe Kleestraße","HF_2vR","13.487339","52.423012"
"100101010077868","Neuköllner Straße","Südost","zwischen Fritz-Erler-Allee und Zwickauer Damm","HF_R","13.484226","52.424770"
"100101010077969","Neuköllner Straße","Südost","zwischen Fritz-Erler-Allee und Zwickauer Damm","HF_2vR","13.484226","52.424770"
"100101010078070","Neuköllner Straße","Südost","zwischen Fritz-Erler-Allee und Zwickauer Damm","LA","13.484226","52.424770"
"100101010085649","Oberbaumstraße","Ost","zwischen Schlesische Straße und Falckensteinstraße","HF_R","13.443428","52.500816"
"100101010085750","Oberbaumstraße","Ost","zwischen Schlesische Straße und Falckensteinstraße","HF_2vR","13.443428","52.500816"
"100101010085851","Oberbaumstraße","West","zwischen Gröbenufer und Bevernstraße","HF_R","13.443620","52.501086"
"100101010085952","Oberbaumstraße","West","zwischen Gröbenufer und Bevernstraße","HF_2vR","13.443620","52.501086"
"100101010013507","Ollenhauer Straße","Süd","zwischen Kögelstraße und Großkopfstraße, in Höhe Haus Nr. 16 (gegenüber)","HF_R","13.329084","52.566874"
"100101010013608","Ollenhauer Straße","Süd","zwischen Kögelstraße und Großkopfstraße, in Höhe Haus Nr. 16 (gegenüber)","HF_2vR","13.329084","52.566874"
"100101010013709","Ollenhauer Straße","Nord","zwischen Großkopfstraße und Kögelstraße, in Höhe Haus Nr. 16","HF_R","13.329175","52.567199"
"100101010013810","Ollenhauer Straße","Nord","zwischen Großkopfstraße und Kögelstraße, in Höhe Haus Nr. 16","HF_2vR","13.329175","52.567199"
"100101010041391","Otto-Suhr-Allee","Ost","zwischen Leibnitzstraße und Marie-Elisabeth-Lüders-Straße, in Höhe Haus Nr. 22-24","HF_R","13.316973","52.514041"
"100101010041492","Otto-Suhr-Allee","Ost","zwischen Leibnitzstraße und Marie-Elisabeth-Lüders-Straße, in Höhe Haus Nr. 22-24","HF_2vR","13.316973","52.514041"
"100101010041593","Otto-Suhr-Allee","West","zwischen Marie-Elisabeth-Straße und Leibnitzstraße, in Höhe Haus Nr. 22-24","HF_R","13.317217","52.514107"
"100101010041694","Otto-Suhr-Allee","West","zwischen Marie-Elisabeth-Straße und Leibnitzstraße, in Höhe Haus Nr. 22-24","HF_2vR","13.317217","52.514107"
"100101010069582","Paulsborner Straße","Südwest","Brandenburgische Straße und Eisenzahnstraße","HF_R","13.305881","52.497853"
"100101010076555","Paulstraße","Nord","zwischen Flemingstraße und Alt-Moabit","HF","13.356436","52.522068"
"100101010076656","Paulstraße","Nord","zwischen Flemingstraße und Alt-Moabit","HF_2vR","13.356436","52.522068"
"100101010027449","Petersburger Straße","Nord","zwischen Kochhannstraße und Heidenfeldstraße, in Höhe Haus Nr. 21","HF_R","13.449052","52.524680"
"100101010027550","Petersburger Straße","Nord","zwischen Kochhannstraße und Heidenfeldstraße, in Höhe Haus Nr. 21","HF_2vR","13.449052","52.524680"
"100101010027651","Petersburger Straße","Nord","zwischen Kochhannstraße und Heidenfeldstraße, in Höhe Haus Nr. 21","HF_3vR","13.449052","52.524680"
"100101010015628","Potsdamer Platz","West","zwischen Ebertstraße und Potsdamer Platz, ca. 20 m hinter Ebertstraße, am LM 20","BUS","13.375866","52.509576"
"100101010015729","Potsdamer Platz","West","zwischen Ebertstraße und Potsdamer Platz, ca. 20 m hinter Ebertstraße, am LM 20","HF_2vR","13.375878","52.509533"
"100101010015830","Potsdamer Platz","West","zwischen Ebertstraße und Potsdamer Platz, ca. 20 m hinter Ebertstraße, am LM 20","HF_R","13.375878","52.509533"
"100101010015325","Potsdamer Straße","Ost","zwischen Reichspietschufer und Sigismundstraße, ca. 50 m hinter Reichpietschufer, am LM 113","BUS","13.369128","52.507073"
"100101010015426","Potsdamer Straße","Ost","zwischen Reichspietschufer und Sigismundstraße, ca. 50 m hinter Reichpietschufer, am LM 113","HF_R","13.369055","52.507086"
"100101010015527","Potsdamer Straße","Ost","zwischen Reichspietschufer und Sigismundstraße, ca. 50 m hinter Reichpietschufer, am LM 113","HF_2vR","13.369055","52.507086"
"100101010035836","Potsdamer Straße","Ost","zwischen Ahornstraße und Fischerhüttenstraße, in Höhe Haus Nr. 47, ca. 50 m vor Fischerhüttenstraße","HF_R","13.254339","52.435419"
"100101010035937","Potsdamer Straße","Ost","zwischen Ahornstraße und Fischerhüttenstraße, in Höhe Haus Nr. 47, ca. 50 m vor Fischerhüttenstraße","HF_2vR","13.254339","52.435419"
"100101010058064","Potsdamer Straße","Südwest","zwischen Bissingzeile und Lützowstraße","HF_R","13.366687","52.504262"
"100101010058165","Potsdamer Straße","Südwest","zwischen Bissingzeile und Lützowstraße","HF_2vR","13.366687","52.504262"
"100101010058266","Potsdamer Straße","Nordost","zwischen Lützowstraße und Bissingzeile","BUS_LKW","13.366665","52.504000"
"100101010058367","Potsdamer Straße","Nordost","zwischen Lützowstraße und Bissingzeile","HF_R","13.366617","52.504017"
"100101010058468","Potsdamer Straße","Nordost","zwischen Lützowstraße und Bissingzeile","HF_2vR","13.366617","52.504017"
"100101010072616","Potsdamer Straße","Nord","zwischen Großgörschenstraße und Goebenstraße","HF_R","13.360942","52.492759"
"100101010072717","Potsdamer Straße","Nord","zwischen Großgörschenstraße und Goebenstraße","BUS","13.360987","52.492756"
"100101010093834","Potsdamer Straße","Ost","zwischen Potsdamer Platz und Ben-Gurion-Straße","HF_R","13.375804","52.509432"
"100101010093935","Potsdamer Straße","Ost","zwischen Potsdamer Platz und Ben-Gurion-Straße","HF_2vR","13.375804","52.509432"
"100101010094036","Potsdamer Straße","Süd","zwischen Scharounstraße und Sigismundstraße","HF_R","13.369143","52.507971"
"100101010094137","Potsdamer Straße","Süd","zwischen Scharounstraße und Sigismundstraße","HF_2vR","13.369143","52.507971"
"100101010004312","Prenzlauer Promenade","Nord","zwischen Rothenbachstraße und Brücke","HF_R","13.429521","52.574614"
"100101010004413","Prenzlauer Promenade","Nord","zwischen Rothenbachstraße und Brücke","HF_2vR","13.429521","52.574614"
"100101010004514","Prenzlauer Promenade","Nord","zwischen Rothenbachstraße und Brücke","HF_3vR","13.429521","52.574614"
"100101010061094","Prenzlauer Promenade","Süd","zwischen Zweigstraße und Thulestraße, vor Haus Nr. 161d","HF_R","13.428431","52.558680"
"100101010061195","Prenzlauer Promenade","Süd","zwischen Zweigstraße und Thulestraße, vor Haus Nr. 161d","HF_2vR","13.428431","52.558680"
"100101010059781","Prinzenallee","Nord","zwischen Osloer Straße und Biesenthaler Straße, in Höhe Haus Nr. 22","HF_R","13.384654","52.556345"
"100101010059882","Prinzenallee","Nord","zwischen Osloer Straße und Biesenthaler Straße, in Höhe Haus Nr. 22","HF_2vR","13.384654","52.556345"
"100101010059983","Prinzenallee","Süd","zwischen Biesenthaler Straße und Osloer Straße","HF_R","13.385284","52.557429"
"100101010060084","Prinzenallee","Süd","zwischen Biesenthaler Straße und Osloer Straße","HF_2vR","13.385284","52.557429"
"100101010013002","Puschkinallee","West","ca. 100 m vor S-Bahn-Brücke","HF_R","13.463246","52.491671"
"100101010013103","Puschkinallee","West","ca. 100 m vor S-Bahn-Brücke","HF_2vR","13.463246","52.491671"
"100101010013204","Puschkinallee","West","ca. 100 m vor S-Bahn-Brücke","HF_3vR","13.463246","52.491671"
"100101010023409","Reichpietschufer","West","zwischen Tiergartentunnel und Potsdamer Straße , in Höhe Haus Nr. 22-26","HF_R","13.371263","52.505443"
"100101010023510","Reichpietschufer","West","zwischen Tiergartentunnel und Potsdamer Straße , in Höhe Haus Nr. 22-26","HF_3vR","13.371263","52.505443"
"100101010023611","Reichpietschufer","West","zwischen Tiergartentunnel und Potsdamer Straße , in Höhe Haus Nr. 22-26","HF_2vR","13.371263","52.505443"
"100101010021284","Rhinstraße","Süd","zwischen Rosenfelder Ring und Alt-Friedrichsfelde, in Höhe Haus Nr. 5-7, ca. in Höhe des Anwohnerparkplatzes","HF_R","13.518827","52.512283"
"100101010021385","Rhinstraße","Süd","zwischen Rosenfelder Ring und Alt-Friedrichsfelde, in Höhe Haus Nr. 5-7, ca. in Höhe des Anwohnerparkplatzes","HF_2vR","13.518827","52.512283"
"100101010021486","Rhinstraße","Nord","zwischen Meeraner Straße und Pyramidenring, in Höhe Haus Nr. 140, nach Einfahrt Mercedes-Autohaus","HF_R","13.519153","52.531871"
"100101010021587","Rhinstraße","Nord","zwischen Meeraner Straße und Pyramidenring, in Höhe Haus Nr. 140, nach Einfahrt Mercedes-Autohaus","HF_2vR","13.519153","52.531871"
"100101010017951","Ringstraße","Ost","zwischen Prühßstraße und Rathausstraße, in Höhe Haus Nr. 70 (gegenüber)","HF_R","13.378664","52.442101"
"100101010018052","Ringstraße","West","zwischen Rathausstraße und Prühßstraße, in Höhe Haus Nr. 70","HF_R","13.378865","52.442057"
"100101010003908","Roedernallee","Nord","zwischen Alt-Reinickendorf und Bahnunterführung","HF_R","13.347982","52.576704"
"100101010004009","Roedernallee","Nord","zwischen Alt-Reinickendorf und Bahnunterführung","HF_2vR","13.347982","52.576704"
"100101010004110","Roedernallee","Süd","zwischen Bahnunterführung und Alt-Reinickendorf","HF_R","13.347786","52.577545"
"100101010004211","Roedernallee","Süd","zwischen Bahnunterführung und Alt-Reinickendorf","HF_2vR","13.347786","52.577545"
"100101010027247","Romain-Rolland-Straße","West","zwischen Wischbergweg und Straße 16, in Höhe Haus Nr. 2-4 (Tankstelle)","HF_R","13.448316","52.564688"
"100101010027348","Romain-Rolland-Straße","West","zwischen Wischbergweg und Straße 16, in Höhe Haus Nr. 2-4 (Tankstelle)","HF_2vR","13.448316","52.564688"
"100101010062007","Saatwinkler Damm","Südost","zwischen Riedemannweg und Buchholzweg","HF_R","13.316542","52.547345"
"100101010062108","Saatwinkler Damm","Südost","zwischen Riedemannweg und Buchholzweg","HF_2vR","13.316542","52.547345"
"100101010062209","Saatwinkler Damm","Nordwest","zwischen Buchholzweg und Riedemannweg","HF_R","13.316734","52.547364"
"100101010066956","Schildhornstraße","Ost","zwischen Gritznerstraße und Lepsiusstraße","HF_R","13.317543","52.463896"
"100101010067057","Schildhornstraße","Ost","zwischen Gritznerstraße und Lepsiusstraße","HF_2vR","13.317543","52.463896"
"100101010069077","Schildhornstraße","West","zwischen Lepsiusstraße und Gritznerstraße","HF_R","13.318041","52.463831"
"100101010069178","Schildhornstraße","West","zwischen Lepsiusstraße und Gritznerstraße","HF_2vR","13.318041","52.463831"
"100101010023712","Schöneberger Ufer","Ost","zwischen Kluckstraße und Potsdamer Straße, in Höhe Haus Nr. 77","HF_R","13.363336","52.505503"
"100101010023813","Schöneberger Ufer","Ost","zwischen Kluckstraße und Potsdamer Straße, in Höhe Haus Nr. 77","HF_2vR","13.363336","52.505503"
"100101010053317","Schöneberger Ufer","Ost","zwischen Potsdamer Straße und George-C.-Marshall-Brücke, LM 21 nach Potsdamer Straße","HF_R","13.369621","52.505573"
"100101010053418","Schöneberger Ufer","Ost","zwischen Potsdamer Straße und George-C.-Marshall-Brücke, LM 21 nach Potsdamer Straße","HF_2vR","13.369621","52.505573"
"100101010053519","Schöneberger Ufer","Ost","zwischen Potsdamer Straße und George-C.-Marshall-Brücke, LM 21 nach Potsdamer Straße","HF_3vR","13.369621","52.505573"
"100101010058569","Schöneberger Ufer","Ost","zwischen Flottwellstraße und Köthener Straße","HF_R","13.373427","52.503319"
"100101010058670","Schöneberger Ufer","Ost","zwischen Flottwellstraße und Köthener Straße","HF_2vR","13.373427","52.503319"
"100101010058771","Schöneberger Ufer","Ost","zwischen Flottwellstraße und Köthener Straße","HF_3vR","13.373427","52.503319"
"100101010007948","Seestraße","West","zwischen Turiner Straße und Müllerstraße, in Höhe Haus Nr. 53 (gegenüber)","HF_R","13.353800","52.551598"
"100101010008049","Seestraße","West","zwischen Turiner Straße und Müllerstraße, in Höhe Haus Nr. 53 (gegenüber)","HF_2vR","13.353800","52.551598"
"100101010008150","Seestraße","Ost","zwischen Groninger Straße und Reinickendorfer Straße","HF_R","13.363205","52.556096"
"100101010008251","Seestraße","Ost","zwischen Groninger Straße und Reinickendorfer Straße","HF_2vR","13.363205","52.556096"
"100101010016739","Siemensdamm","Ost","ca. 50 m vor Einfahrt Haus Nr. 62 (Siemensgelände)","HF_R","13.278431","52.534738"
"100101010016840","Siemensdamm","Ost","ca. 50 m vor Einfahrt Haus Nr. 62 (Siemensgelände)","HF_2vR","13.278431","52.534738"
"100101010016941","Siemensdamm","Ost","ca. 50 m vor Einfahrt Haus Nr. 62 (Siemensgelände)","HF_3vR","13.278431","52.534738"
"100101010017042","Siemensdamm","West","ca. 50 m hinter Einfahrt Haus Nr. 62 (Siemensgelände) (gegenüber)","HF_R","13.278670","52.534806"
"100101010017143","Siemensdamm","West","ca. 50 m hinter Einfahrt Haus Nr. 62 (Siemensgelände) (gegenüber)","HF_2vR","13.278670","52.534806"
"100101010017244","Siemensdamm","West","ca. 50 m hinter Einfahrt Haus Nr. 62 (Siemensgelände) (gegenüber)","HF_3vR","13.278670","52.534806"
"100101010066754","Silbersteinstraße","West","zwischen Walterstraße und Bruno-Bauer-Straße","HF_R","13.439919","52.467382"
"100101010066855","Silbersteinstraße","Ost","zwischen Bruno-Bauer-Straße und Walterstraße","HF_R","13.440163","52.467370"
"100101010030075","Sonnenallee","Ost","zwischen Thiermannstraße und Mareschstraße, in Höhe Haus Nr. 188-190, Höhe LM 148","HF_R","13.451374","52.476052"
"100101010030176","Sonnenallee","Ost","zwischen Thiermannstraße und Mareschstraße, in Höhe Haus Nr. 188-190, Höhe LM 148","HF_2vR","13.451374","52.476052"
"100101010030277","Sonnenallee","West","zwischen Mareschstraße und Thiermannstraße, in Höhe Haus Nr. 188-190, Höhe LM 148","HF_R","13.451632","52.476066"
"100101010030378","Sonnenallee","West","zwischen Mareschstraße und Thiermannstraße, in Höhe Haus Nr. 188-190, Höhe LM 148","HF_2vR","13.451632","52.476066"
"100101010044122","Spandauer Damm","West","zwischen Spreetalallee und Meiningenallee, in Höhe Haus Nr. 205-215, Ecke Spreetalallee","HF_R","13.260894","52.521555"
"100101010044223","Spandauer Damm","West","zwischen Spreetalallee und Meiningenallee, in Höhe Haus Nr. 205-215, Ecke Spreetalallee","HF_2vR","13.260894","52.521555"
"100101010044324","Spandauer Damm","Ost","zwischen Meiningenallee und Spreetalallee, in Höhe Haus Nr. 205-215, Ecke Spreetalallee","HF_R","13.260672","52.521484"
"100101010044425","Spandauer Damm","Ost","zwischen Meiningenallee und Spreetalallee, in Höhe Haus Nr. 205-215, Ecke Spreetalallee","HF_2vR","13.260672","52.521484"
"100101010072111","Späthstraße","West","zwischen BAB113 und Haarlemer Straße","HF_R","13.457755","52.453612"
"100101010072212","Späthstraße","West","zwischen BAB113 und Haarlemer Straße","HF_2vR","13.457755","52.453612"
"100101010078171","Späthstraße","Ost","zwischen Haarlemer Straße und BAB113","HF_R","13.458537","52.453576"
"100101010078272","Späthstraße","Ost","zwischen Haarlemer Straße und BAB113","HF_2vR","13.458537","52.453576"
"100101010087164","Späthstraße","West","hinter Einmündung Späthstr.","HF_R","13.464070","52.453698"
"100101010024924","Spreeweg","Süd","Lutherbrücke und Großer Stern, Mittelstreifen, ca.10 m hinter Eingang Bundespräsidialamt","HF_R","13.353151","52.516329"
"100101010025025","Spreeweg","Süd","Lutherbrücke und Großer Stern, Mittelstreifen, ca.10 m hinter Eingang Bundespräsidialamt","HF_2vR","13.353151","52.516329"
"100101010025126","Spreeweg","Nord","zwischen Großer Stern und Lutherbrücke Mittelstreifen, ca.10 m vor Eingang Bundespräsidialamt","HF_R","13.353127","52.516165"
"100101010025227","Spreeweg","Nord","zwischen Großer Stern und Lutherbrücke Mittelstreifen, ca.10 m vor Eingang Bundespräsidialamt","HF_2vR","13.353127","52.516165"
"100101010025328","Spreeweg","Nord","zwischen Großer Stern und Lutherbrücke Mittelstreifen, ca.10 m vor Eingang Bundespräsidialamt","HF_3vR","13.353084","52.516201"
"100101010010877","Storkower Straße","Nordwest","zwischen Landsberger Allee und Kniprodestraße, ca. 100 m vor Kniprodestraße, in Höhe Haus Nr. 114 (gegenüber)","HF_R","13.450701","52.536088"
"100101010010978","Storkower Straße","Nordwest","zwischen Landsberger Allee und Kniprodestraße, ca. 100 m vor Kniprodestraße, in Höhe Haus Nr. 114 (gegenüber)","HF_2vR","13.450701","52.536088"
"100101010067966","Stralauer Allee","Nordwest","zwischen Ehrenbergstraße und Naglerstraße, 3. LM nach Ehrenbergstraße","HF_R","13.449831","52.501948"
"100101010068067","Stralauer Allee","Nordwest","zwischen Ehrenbergstraße und Naglerstraße, 3. LM nach Ehrenbergstraße","HF_2vR","13.449831","52.501948"
"100101010068168","Stralauer Allee","Nordwest","zwischen Ehrenbergstraße und Naglerstraße, 3. LM nach Ehrenbergstraße","HF_3vR","13.449831","52.501948"
"100101010068269","Stralauer Allee","Ost","zwischen Rochowstraße und Bossestraße in Höhe Haus Nr. 21a, 4. LM nach Rochowstraße","HF_R","13.460909","52.498555"
"100101010068370","Stralauer Allee","Ost","zwischen Rochowstraße und Bossestraße in Höhe Haus Nr. 21a, 4. LM nach Rochowstraße","HF_2vR","13.460909","52.498555"
"100101010014719","Straße des 17. Juni","West","zwischen Großer Stern und Klopstockstraße, ca. 100 m vor LSA Klopstockstraße, am LM 119","HF_R","13.343004","52.514099"
"100101010014820","Straße des 17. Juni","West","zwischen Großer Stern und Klopstockstraße, ca. 100 m vor LSA Klopstockstraße, am LM 119","HF_2vR","13.343004","52.514099"
"100101010014921","Straße des 17. Juni","West","zwischen Großer Stern und Klopstockstraße, ca. 100 m vor LSA Klopstockstraße, am LM 119","HF_3vR","13.343004","52.514099"
"100101010015022","Straße des 17. Juni","Ost","zwischen Klopstockstraße und Großer Stern, ca. 100 m nach LSA Klopstockstraße, am LM 114","HF_R","13.342064","52.513891"
"100101010015123","Straße des 17. Juni","Ost","zwischen Klopstockstraße und Großer Stern, ca. 100 m nach LSA Klopstockstraße, am LM 114","HF_2vR","13.342064","52.513891"
"100101010015224","Straße des 17. Juni","Ost","zwischen Klopstockstraße und Großer Stern, ca. 100 m nach LSA Klopstockstraße, am LM 114","HF_3vR","13.342064","52.513891"
"100101010043718","Stromstraße","Süd","zwischen Bugenhagenstraße und Turmstraße, in Höhe Haus Nr. 56","HF_R","13.343216","52.527704"
"100101010043819","Stromstraße","Süd","zwischen Bugenhagenstraße und Turmstraße, in Höhe Haus Nr. 56","HF_2vR","13.343216","52.527704"
"100101010043920","Stromstraße","Nord","zwischen Turmstraße und Bugenhagenstraße, in Höhe Haus Nr. 56","HF_R","13.343332","52.527598"
"100101010044021","Stromstraße","Nord","zwischen Turmstraße und Bugenhagenstraße, in Höhe Haus Nr. 56","HF_2vR","13.343332","52.527598"
"100101010054933","Stubenrauchstraße","Nordost","zwischen Kanalstraße und AS Stubenrauchstraße","HF_R","13.496587","52.432592"
"100101010055034","Stubenrauchstraße","Nordost","zwischen Kanalstraße und AS Stubenrauchstraße","HF_2vR","13.496587","52.432592"
"100101010077363","Stubenrauchstraße","Nordost","zwischen BAB113 und Eisenhutweg","HF_R","13.499796","52.434534"
"100101010077464","Stubenrauchstraße","Nordost","zwischen BAB113 und Eisenhutweg","HF_2vR","13.499796","52.434534"
"100101010077565","Stubenrauchstraße","Südwest","zwischen Eisenhutweg und BAB113","LA","13.499179","52.434709"
"100101010077666","Stubenrauchstraße","Südwest","zwischen Eisenhutweg und BAB113","HF_R","13.499179","52.434709"
"100101010077767","Stubenrauchstraße","Südwest","zwischen Eisenhutweg und BAB113","HF_2vR","13.499179","52.434709"
"100101010043314","Tegeler Weg","Süd","zwischen AS Jakob-Kaiser-Platz und Max-Dohrn-Straße, in Höhe Haus Nr. 33, ca. 100 m vor Max-Dohrn-Straße","HF_R","13.295307","52.531366"
"100101010043415","Tegeler Weg","Süd","zwischen AS Jakob-Kaiser-Platz und Max-Dohrn-Straße, in Höhe Haus Nr. 33, ca. 100 m vor Max-Dohrn-Straße","HF_2vR","13.295307","52.531366"
"100101010043516","Tegeler Weg","Nord","zwischen Max-Dohrn-Straße und AS Jakob-Kaiser-Platz, in Höhe Haus Nr. 33, ca. 100 m hinter Max-Dohrn-Straße","HF_R","13.295574","52.531316"
"100101010043617","Tegeler Weg","Nord","zwischen Max-Dohrn-Straße und AS Jakob-Kaiser-Platz, in Höhe Haus Nr. 33, ca. 100 m hinter Max-Dohrn-Straße","HF_2vR","13.295574","52.531316"
"100101010001278","Teltower Damm","Nord","zwischen Kirchstraße und Potsdamer Straße, in Höhe Haus Nr. 13 (gegenüber)","HF_R","13.259881","52.433741"
"100101010001379","Teltower Damm","Nord","zwischen Kirchstraße und Potsdamer Straße, in Höhe Haus Nr. 13 (gegenüber)","HF_2vR","13.259881","52.433741"
"100101010029469","Tempelhofer Damm","Süd","zwischen Wolffring und Paradestraße, in Höhe Haus Nr. 32-34, Ecke Wolffring","HF_R","13.385779","52.480073"
"100101010029570","Tempelhofer Damm","Süd","zwischen Wolffring und Paradestraße, in Höhe Haus Nr. 32-34, Ecke Wolffring","HF_2vR","13.385779","52.480073"
"100101010079484","Tempelhofer Damm","Nord","zwischen Peter-Strasser-Weg und Paradestraße, LM132","HF_R","13.385874","52.476822"
"100101010079585","Tempelhofer Damm","Nord","zwischen Peter-Strasser-Weg und Paradestraße, LM132","HF_2vR","13.385874","52.476822"
"100101010097268","Tempelhofer Damm","Süd","zwischen A100 und Alt-Tempelhof","HF_R","13.385382","52.468100"
"100101010097369","Tempelhofer Damm","Süd","zwischen A100 und Alt-Tempelhof","HF_2vR","13.385382","52.468100"
"100101010097470","Tempelhofer Damm","Nord","zwischen Alt-Tempelhof und A100","HF_R","13.385776","52.467462"
"100101010097571","Tempelhofer Damm","Nord","zwischen Alt-Tempelhof und A100","HF_2vR","13.385776","52.467462"
"100101010097672","Tempelhofer Damm","Süd","zwischen Friedrich-Wilhelm-Straße und Burgemeisterstraße","HF_R","13.383970","52.457794"
"100101010097773","Tempelhofer Damm","Süd","zwischen Friedrich-Wilhelm-Straße und Burgemeisterstraße","HF_2vR","13.383970","52.457794"
"100101010097874","Tempelhofer Damm","Nord","zwischen Burgemeisterstraße und Friedrich-Wilhelm-Straße","HF_R","13.384196","52.457440"
"100101010097975","Tempelhofer Damm","Nord","zwischen Burgemeisterstraße und Friedrich-Wilhelm-Straße","HF_2vR","13.384196","52.457440"
"100101010023207","Tempelhofer Ufer","Ost","zwischen Großbeerenstraße und Ruhlsdorfer Straße, in Höhe Haus Nr. 10","HF_R","13.386210","52.498262"
"100101010023308","Tempelhofer Ufer","Ost","zwischen Großbeerenstraße und Ruhlsdorfer Straße, in Höhe Haus Nr. 10","HF_2vR","13.386210","52.498262"
"100101010061296","Tiergartenstraße","Ost","zwischen H.-v.-Karajan-Straße und Kemperplatz","HF_R","13.368880","52.510722"
"100101010030479","Torstraße","West","zwischen Tucholskystraße und Borsigstraße, letzter LM vor Borsigstraße, in Höhe Haus Nr. 199","HF_R","13.391576","52.528099"
"100101010030580","Torstraße","West","zwischen Tucholskystraße und Borsigstraße, letzter LM vor Borsigstraße, in Höhe Haus Nr. 199","HF_2vR","13.391576","52.528099"
"100101010030681","Torstraße","Ost","zwischen Kleine Hamburger Straße und Bergstraße, erster LM nach Kleine Hamburger Straße, in Höhe Haus Nr. 178","HF_R","13.394072","52.528565"
"100101010030782","Torstraße","Ost","zwischen Kleine Hamburger Straße und Bergstraße, erster LM nach Kleine Hamburger Straße, in Höhe Haus Nr. 178","HF_2vR","13.394072","52.528565"
"100101010071909","Torstraße","Südost","zwischen Gormannstraße und Alte Schönhauser Straße","HF_R","13.407322","52.529035"
"100101010072010","Torstraße","Südost","zwischen Gormannstraße und Alte Schönhauser Straße","HF_2vR","13.407322","52.529035"
"100101010073121","Torstraße","Nordwest","zwischen Straßburger Straße und Schönhauser Allee","HF_R","13.410851","52.528648"
"100101010073222","Torstraße","Nordwest","zwischen Straßburger Straße und Schönhauser Allee","HF_2vR","13.410851","52.528648"
"100101010021082","Treskowallee","Süd","zwischen Traberweg und Rummelsburger Straße, in Höhe Haus Nr. 160","HF_R","13.521929","52.475723"
"100101010021183","Treskowallee","Süd","zwischen Traberweg und Rummelsburger Straße, in Höhe Haus Nr. 160","HF_2vR","13.521929","52.475723"
"100101010030883","Unter den Linden","West","zwischen Am Lsutgarten und Schloßbrücke, in Höhe Berliner Dom","HF_R","13.400746","52.518225"
"100101010030984","Unter den Linden","West","zwischen Am Lsutgarten und Schloßbrücke, in Höhe Berliner Dom","HF_2vR","13.400746","52.518225"
"100101010031085","Unter den Linden","Ost","zwischen Schloßbrücke und Am Lustgarten, in Höhe Berliner Dom","HF_R","13.400664","52.518116"
"100101010031186","Unter den Linden","Ost","zwischen Schloßbrücke und Am Lustgarten, in Höhe Berliner Dom","HF_2vR","13.400664","52.518116"
"100101010053620","Von-der-Heydt-Straße","West","zwischen Köbisstraße und Klingelhöferstraße, LM 9 hinter Köbisstraße","HF_R","13.355402","52.507114"
"100101010053721","Von-der-Heydt-Straße","West","zwischen Köbisstraße und Klingelhöferstraße, LM 9 hinter Köbisstraße","HF_2vR","13.355402","52.507114"
"100101010087265","Waltersdorfer Chaussee","Süd","zwischen Friedenstraße und Altglienicker Chaussee","HF_R","13.516835","52.398253"
"100101010087366","Waltersdorfer Chaussee","Süd","zwischen Friedenstraße und Altglienicker Chaussee","HF_2vR","13.516835","52.398253"
"100101010028257","Warschauer Straße","Süd","zwischen Warschauer Brücke und Mühlenstraße, in Höhe Haus Nr. 39/40","HF_R","13.448213","52.504636"
"100101010028358","Warschauer Straße","Süd","zwischen Warschauer Brücke und Mühlenstraße, in Höhe Haus Nr. 39/40","HF_2vR","13.448213","52.504636"
"100101010075343","Waterloo-Ufer","Ost","zwischen Blücherplatz und Zossener Straße","HF","13.393483","52.497392"
"100101010075444","Waterloo-Ufer","Ost","zwischen Blücherplatz und Zossener Straße","HF_2vR","13.393483","52.497392"
"100101010075545","Waterloo-Ufer","Ost","zwischen Blücherplatz und Zossener Straße","HF_3vR","13.393483","52.497392"
"100101010038664","Weißenseer Weg","Süd","zwischen Hohenschönhauserstraße und Marquardtstraße, in Höhe Haus Nr. 91","HF_R","13.474465","52.534863"
"100101010038765","Weißenseer Weg","Süd","zwischen Hohenschönhauserstraße und Marquardtstraße, in Höhe Haus Nr. 91","HF_2vR","13.474465","52.534863"
"100101010063219","Wilhelmstraße","Südost","zwischen Leipziger Straße und Niederkirchnerstraße, ca. 180 m hinter Leipziger Straße, LM nach Hofeingang Finanzministerium","HF_R","13.384800","52.508740"
"100101010063320","Wilhelmstraße","Nordwest","zwischen Zimmerstraße und Leipziger Straße, ca. 180 m nach Leipziger Straße, LM nach Hofeingang Finanzministerium","HF_R","13.384894","52.508673"
"100101010079686","Wisbyer Straße","West","zwischen Baumbachstraße und Trelleborger Straße","HF_R","13.419651","52.553403"
"100101010079787","Wisbyer Straße","West","zwischen Baumbachstraße und Trelleborger Straße","HF_2vR","13.419651","52.553403"
"100101010091006","Zinnowitzer Straße","West","Zinnowitzer Straße","HF_R","13.383638","52.531845"
"100101010091107","Zinnowitzer Straße","Ost","Zinnowitzer Straße","HF_R","13.383312","52.531711"
"100101010025934",NULL,NULL,NULL,NULL,NULL,NULL
"100101010026035",NULL,NULL,NULL,NULL,NULL,NULL
"100101010026540",NULL,NULL,NULL,NULL,NULL,NULL
"100101010026641",NULL,NULL,NULL,NULL,NULL,NULL
"100101010083023",NULL,NULL,NULL,NULL,NULL,NULL
"100101010083124",NULL,NULL,NULL,NULL,NULL,NULL
